{"cameraMode":{"drawMode":0,"name":"Shaded","section":"Shading Mode"},"sceneLighting":true,"audioPlay":false,"sceneViewState":{"showFog":true,"showMaterialUpdate":false,"showSkybox":true,"showFlares":true,"showImageEffects":true,"showParticleSystems":true},"in2DMode":false,"pivot":{"x":0.6399998664855957,"y":1.149999976158142,"z":5.460000038146973},"rotation":{"x":-0.0074986498802900318,"y":0.922349214553833,"z":-0.3859550952911377,"w":-0.0176718607544899},"size":43.732826232910159,"orthographic":false}