{"cameraMode":{"drawMode":0,"name":"Shaded","section":"Shading Mode"},"sceneLighting":false,"audioPlay":false,"sceneViewState":{"showFog":true,"showMaterialUpdate":false,"showSkybox":false,"showFlares":true,"showImageEffects":true,"showParticleSystems":true},"in2DMode":false,"pivot":{"x":-12.462985038757325,"y":1.090000033378601,"z":-11.42167854309082},"rotation":{"x":0.009826438501477242,"y":-0.9862315654754639,"z":-0.06339430063962937,"w":-0.15298175811767579},"size":0.8573637008666992,"orthographic":false}